Atryom Kyuregyan,27,2004,8/29/04,Wrestling,0,0,1,1
Amiran Kardanov,24,2000,10/1/00,Wrestling,0,0,1,1
Pyrros Dimas,32,2004,8/29/04,Weightlifting,0,0,1,1
Pyrros Dimas,28,2000,10/1/00,Weightlifting,1,0,0,1
Akakios Kakiasvili,31,2000,10/1/00,Weightlifting,1,0,0,1
Ioanna Khatziioannou,26,2000,10/1/00,Weightlifting,0,0,1,1
Viktor Mitrou,27,2000,10/1/00,Weightlifting,0,1,0,1
Leonidas Sabanis,28,2000,10/1/00,Weightlifting,0,1,0,1
Dimitra Asilian,32,2004,8/29/04,Waterpolo,0,1,0,1
Georgia Ellinaki,30,2004,8/29/04,Waterpolo,0,1,0,1
Eftykhia Karagianni,30,2004,8/29/04,Waterpolo,0,1,0,1
Angeliki Karapataki,29,2004,8/29/04,Waterpolo,0,1,0,1
Voula Kozomboli,30,2004,8/29/04,Waterpolo,0,1,0,1
Georgia Lara,24,2004,8/29/04,Waterpolo,0,1,0,1
Kiki Liosi,24,2004,8/29/04,Waterpolo,0,1,0,1
Antiopi Melidoni,26,2004,8/29/04,Waterpolo,0,1,0,1
Tonia Moraiti,27,2004,8/29/04,Waterpolo,0,1,0,1
Evi Moraitidou,29,2004,8/29/04,Waterpolo,0,1,0,1
Anthi Mylonaki,20,2004,8/29/04,Waterpolo,0,1,0,1
Katerina Oikonomopoulou,26,2004,8/29/04,Waterpolo,0,1,0,1
Antigoni Roumbesi,21,2004,8/29/04,Waterpolo,0,1,0,1
Alexandros Nikolaidis,28,2008,8/24/08,Taekwondo,0,1,0,1
Elli Mystakidou,27,2004,8/29/04,Taekwondo,0,1,0,1
Alexandros Nikolaidis,24,2004,8/29/04,Taekwondo,0,1,0,1
Mikhail Mouroutsos,20,2000,10/1/00,Taekwondo,1,0,0,1
Sofia Bekatorou,30,2008,8/24/08,Sailing,0,0,1,1
Virginia Kravarioti,24,2008,8/24/08,Sailing,0,0,1,1
Sofia Papadopoulou,24,2008,8/24/08,Sailing,0,0,1,1
Sofia Bekatorou,26,2004,8/29/04,Sailing,1,0,0,1
Nikos Kaklamanakis,35,2004,8/29/04,Sailing,0,1,0,1
Aimilia Tsoulfa,31,2004,8/29/04,Sailing,1,0,0,1
Khristina Giazitzidou,22,2012,8/12/12,Rowing,0,0,1,1
Alexandra Tsiavou,26,2012,8/12/12,Rowing,0,0,1,1
Dimitris Mougios,26,2008,8/24/08,Rowing,0,1,0,1
Vasilios Polymeros,32,2008,8/24/08,Rowing,0,1,0,1
Vasilios Polymeros,28,2004,8/29/04,Rowing,0,0,1,1
Nikos Skiathitis,22,2004,8/29/04,Rowing,0,0,1,1
Eirini A?ndili,17,2000,10/1/00,Rhythmic Gymnastics,0,0,1,1
Maria Georgatou,16,2000,10/1/00,Rhythmic Gymnastics,0,0,1,1
Zara Karyami,17,2000,10/1/00,Rhythmic Gymnastics,0,0,1,1
Eva Khristodoulou,17,2000,10/1/00,Rhythmic Gymnastics,0,0,1,1
Kharikleia Pantazi,15,2000,10/1/00,Rhythmic Gymnastics,0,0,1,1
Anna Polatou,16,2000,10/1/00,Rhythmic Gymnastics,0,0,1,1
Ilias Iliadis,25,2012,8/12/12,Judo,0,0,1,1
Ilias Iliadis,17,2004,8/29/04,Judo,1,0,0,1
Dimosthenis Tambakos,27,2004,8/29/04,Gymnastics,1,0,0,1
Dimosthenis Tambakos,23,2000,10/1/00,Gymnastics,0,1,0,1
Thomas Bimis,29,2004,8/29/04,Diving,1,0,0,1
Nikolaos Siranidis,28,2004,8/29/04,Diving,1,0,0,1
Pigi Devetzi,32,2008,8/24/08,Athletics,0,0,1,1
Pigi Devetzi,28,2004,8/29/04,Athletics,0,1,0,1
Anastasia Kelesidou,31,2004,8/29/04,Athletics,0,1,0,1
Fani Khalkia,25,2004,8/29/04,Athletics,1,0,0,1
Mirela Maniani-Tzelili,27,2004,8/29/04,Athletics,0,0,1,1
Athanasia Tsoumeleka,22,2004,8/29/04,Athletics,1,0,0,1
Anastasia Kelesidou,27,2000,10/1/00,Athletics,0,1,0,1
Kostas Kenteris,27,2000,10/1/00,Athletics,1,0,0,1
Mirela Maniani-Tzelili,23,2000,10/1/00,Athletics,0,1,0,1
Aikaterini Thanou,25,2000,10/1/00,Athletics,0,1,0,1
