Milan Aleksic,26,2012,8/12/12,Waterpolo,0,0,1,1
Filip Filipovic,25,2012,8/12/12,Waterpolo,0,0,1,1
Živko Gocic,29,2012,8/12/12,Waterpolo,0,0,1,1
Dušan Mandic,18,2012,8/12/12,Waterpolo,0,0,1,1
Stefan Mitrovic,24,2012,8/12/12,Waterpolo,0,0,1,1
Slobodan Nikic,29,2012,8/12/12,Waterpolo,0,0,1,1
Duško Pijetlovic,27,2012,8/12/12,Waterpolo,0,0,1,1
Gojko Pijetlovic,28,2012,8/12/12,Waterpolo,0,0,1,1
Andrija Prlainovic,25,2012,8/12/12,Waterpolo,0,0,1,1
Nikola Raden,27,2012,8/12/12,Waterpolo,0,0,1,1
Aleksa Šaponjic,20,2012,8/12/12,Waterpolo,0,0,1,1
Slobodan Soro,33,2012,8/12/12,Waterpolo,0,0,1,1
Vanja Udovicic,29,2012,8/12/12,Waterpolo,0,0,1,1
Aleksandar Ciric,30,2008,8/24/08,Waterpolo,0,0,1,1
Filip Filipovic,21,2008,8/24/08,Waterpolo,0,0,1,1
Živko Gocic,25,2008,8/24/08,Waterpolo,0,0,1,1
Branko Pekovic,29,2008,8/24/08,Waterpolo,0,0,1,1
Duško Pijetlovic,23,2008,8/24/08,Waterpolo,0,0,1,1
Andrija Prlainovic,21,2008,8/24/08,Waterpolo,0,0,1,1
Nikola Raden,23,2008,8/24/08,Waterpolo,0,0,1,1
Aleksandar Šapic,30,2008,8/24/08,Waterpolo,0,0,1,1
Dejan Savic,33,2008,8/24/08,Waterpolo,0,0,1,1
Denis Šefik,31,2008,8/24/08,Waterpolo,0,0,1,1
Slobodan Soro,29,2008,8/24/08,Waterpolo,0,0,1,1
Vanja Udovicic,25,2008,8/24/08,Waterpolo,0,0,1,1
Vlada Vujasinovic,34,2008,8/24/08,Waterpolo,0,0,1,1
Milica Mandic,20,2012,8/12/12,Taekwondo,1,0,0,1
Novak Ðokovic,21,2008,8/24/08,Tennis,0,0,1,1
Milorad Cavic,24,2008,8/24/08,Swimming,0,1,0,1
Ivana Maksimovic,22,2012,8/12/12,Shooting,0,1,0,1
Andrija Zlatic,34,2012,8/12/12,Shooting,0,0,1,1
