Antje Buschschulte,25,2004,8/29/04,Swimming,0,0,3,3
Stephanie Beckert,21,2010,2/28/10,Speed Skating,1,2,0,3
Sabine Völker,28,2002,2/24/02,Speed Skating,0,2,1,3
Georg Hettich,27,2006,2/26/06,Nordic Combined,1,1,1,3
Magdalena Neuner,23,2010,2/28/10,Biathlon,2,1,0,3
Sven Fischer,34,2006,2/26/06,Biathlon,2,0,1,3
Martina Glagow-Beck,26,2006,2/26/06,Biathlon,0,3,0,3
Michael Greis,29,2006,2/26/06,Biathlon,3,0,0,3
Kati Wilhelm,29,2006,2/26/06,Biathlon,1,2,0,3
Kati Wilhelm,25,2002,2/24/02,Biathlon,2,1,0,3
Dmitrij Ovtcharov,23,2012,8/12/12,Table Tennis,0,0,2,2
Britta Steffen,24,2008,8/24/08,Swimming,2,0,0,2
Franziska van Almsick,26,2004,8/29/04,Swimming,0,0,2,2
Stev Theloke,22,2000,10/1/00,Swimming,0,0,2,2
Anni Friesinger-Postma,29,2006,2/26/06,Speed Skating,1,0,1,2
Claudia Pechstein,33,2006,2/26/06,Speed Skating,1,1,0,2
Claudia Pechstein,29,2002,2/24/02,Speed Skating,2,0,0,2
Sven Hannawald,27,2002,2/24/02,Ski Jumping,1,1,0,2
Ronny Ackermann,24,2002,2/24/02,Nordic Combined,0,2,0,2
Marcel Nguyen,24,2012,8/12/12,Gymnastics,0,2,0,2
Rita König,23,2000,10/1/00,Fencing,0,1,1,2
Wiradech Kothny,21,2000,10/1/00,Fencing,0,0,2,2
Sandra Auffarth,25,2012,8/12/12,Equestrian,1,0,1,2
Michael Jung,29,2012,8/12/12,Equestrian,2,0,0,2
Heike Kemmer,46,2008,8/24/08,Equestrian,1,0,1,2
Hinrich Romeike,45,2008,8/24/08,Equestrian,2,0,0,2
Isabell Werth,39,2008,8/24/08,Equestrian,1,1,0,2
Marco Kutscher,29,2004,8/29/04,Equestrian,0,0,2,2
Ulla Salzgeber,46,2004,8/29/04,Equestrian,1,1,0,2
Ulla Salzgeber,42,2000,10/1/00,Equestrian,1,0,1,2
Isabell Werth,31,2000,10/1/00,Equestrian,1,1,0,2
Maximilian Levy,25,2012,8/12/12,Cycling,0,1,1,2
Stefan Nimke,26,2004,8/29/04,Cycling,1,0,1,2
René Wolff,26,2004,8/29/04,Cycling,1,0,1,2
Robert Bartko,24,2000,10/1/00,Cycling,2,0,0,2
Jens Fiedler,30,2000,10/1/00,Cycling,0,0,2,2
Jens Lehmann,32,2000,10/1/00,Cycling,1,1,0,2
Jan Ullrich,26,2000,10/1/00,Cycling,1,1,0,2
Claudia Künzel-Nystad,32,2010,2/28/10,Cross Country Skiing,1,1,0,2
Evi Sachenbacher-Stehle,29,2010,2/28/10,Cross Country Skiing,1,1,0,2
Axel Teichmann,30,2010,2/28/10,Cross Country Skiing,0,2,0,2
Tobias Angerer,28,2006,2/26/06,Cross Country Skiing,0,1,1,2
Claudia Künzel-Nystad,28,2006,2/26/06,Cross Country Skiing,0,2,0,2
Viola Bauer,25,2002,2/24/02,Cross Country Skiing,1,0,1,2
Evi Sachenbacher-Stehle,21,2002,2/24/02,Cross Country Skiing,1,1,0,2
Tina Dietze,24,2012,8/12/12,Canoeing,1,1,0,2
Franziska Weber,23,2012,8/12/12,Canoeing,1,1,0,2
Christian Gille,32,2008,8/24/08,Canoeing,0,1,1,2
Katrin Wagner-Augustin,30,2008,8/24/08,Canoeing,1,0,1,2
Tomasz Wylenzek,25,2008,8/24/08,Canoeing,0,1,1,2
Andreas Dittmer,32,2004,8/29/04,Canoeing,1,1,0,2
Birgit Fischer-Schmidt,42,2004,8/29/04,Canoeing,1,1,0,2
Carolin Leonhardt,19,2004,8/29/04,Canoeing,1,1,0,2
Andreas Dittmer,28,2000,10/1/00,Canoeing,1,0,1,2
Birgit Fischer-Schmidt,38,2000,10/1/00,Canoeing,2,0,0,2
Katrin Wagner-Augustin,22,2000,10/1/00,Canoeing,2,0,0,2
Kevin Kuske,31,2010,2/28/10,Bobsleigh,1,1,0,2
André Lange,36,2010,2/28/10,Bobsleigh,1,1,0,2
Kevin Kuske,27,2006,2/26/06,Bobsleigh,2,0,0,2
André Lange,32,2006,2/26/06,Bobsleigh,2,0,0,2
Simone Hauswald,30,2010,2/28/10,Biathlon,0,0,2,2
Uschi Disl,31,2002,2/24/02,Biathlon,1,1,0,2
Sven Fischer,30,2002,2/24/02,Biathlon,0,2,0,2
Ricco Groß,31,2002,2/24/02,Biathlon,0,1,1,2
Andrea Henkel,24,2002,2/24/02,Biathlon,2,0,0,2
Frank Luck,34,2002,2/24/02,Biathlon,0,2,0,2
Maria Riesch,25,2010,2/28/10,Alpine Skiing,2,0,0,2
Mirko Englich,29,2008,8/24/08,Wrestling,0,1,0,1
Matthias Steiner,25,2008,8/24/08,Weightlifting,1,0,0,1
Marc Huster,30,2000,10/1/00,Weightlifting,0,1,0,1
Ronny Weller,31,2000,10/1/00,Weightlifting,0,1,0,1
Timo Boll,31,2012,8/12/12,Table Tennis,0,0,1,1
Bastian Steger,31,2012,8/12/12,Table Tennis,0,0,1,1
Timo Boll,27,2008,8/24/08,Table Tennis,0,1,0,1
Dmitrij Ovtcharov,19,2008,8/24/08,Table Tennis,0,1,0,1
Christian Süß,23,2008,8/24/08,Table Tennis,0,1,0,1
Jan Frodeno,27,2008,8/24/08,Triathlon,1,0,0,1
Stephan Vuckovic,28,2000,10/1/00,Triathlon,0,1,0,1
Anna Dogonadze-Lilkendey,31,2004,8/29/04,Trampoline,1,0,0,1
Henrik Stehlik,23,2004,8/29/04,Trampoline,0,0,1,1
Helena Fromm,25,2012,8/12/12,Taekwondo,0,0,1,1
Faissal Ebnoutalib,29,2000,10/1/00,Taekwondo,0,1,0,1
Nicolas Kiefer,27,2004,8/29/04,Tennis,0,1,0,1
Rainer Schüttler,28,2004,8/29/04,Tennis,0,1,0,1
Tommy Haas,22,2000,10/1/00,Tennis,0,1,0,1
Thomas Lurz,32,2012,8/12/12,Swimming,0,1,0,1
Thomas Lurz,28,2008,8/24/08,Swimming,0,0,1,1
Lars Conrad,28,2004,8/29/04,Swimming,0,1,0,1
Petra Dallmann,25,2004,8/29/04,Swimming,0,0,1,1
Steffen Driesen,22,2004,8/29/04,Swimming,0,1,0,1
Daniela Götz,16,2004,8/29/04,Swimming,0,0,1,1
Janina-Kristin Götz,23,2004,8/29/04,Swimming,0,0,1,1
Sara Harstick,22,2004,8/29/04,Swimming,0,0,1,1
Jens Kruppa,28,2004,8/29/04,Swimming,0,1,0,1
Helge Meeuw,19,2004,8/29/04,Swimming,0,1,0,1
Sarah Poewe,21,2004,8/29/04,Swimming,0,0,1,1
Anne Poleska,24,2004,8/29/04,Swimming,0,0,1,1
Thomas Rupprath,27,2004,8/29/04,Swimming,0,1,0,1
Hannah Stockbauer,22,2004,8/29/04,Swimming,0,0,1,1
Antje Buschschulte,21,2000,10/1/00,Swimming,0,0,1,1
Meike Freitag,21,2000,10/1/00,Swimming,0,0,1,1
Sara Harstick,19,2000,10/1/00,Swimming,0,0,1,1
Kerstin Kielgaß,30,2000,10/1/00,Swimming,0,0,1,1
Jens Kruppa,24,2000,10/1/00,Swimming,0,0,1,1
Thomas Rupprath,23,2000,10/1/00,Swimming,0,0,1,1
Torsten Spanneberg,25,2000,10/1/00,Swimming,0,0,1,1
Britta Steffen,16,2000,10/1/00,Swimming,0,0,1,1
Franziska van Almsick,22,2000,10/1/00,Swimming,0,0,1,1
Daniela Anschütz-Thoms,35,2010,2/28/10,Speed Skating,1,0,0,1
Anni Friesinger-Postma,33,2010,2/28/10,Speed Skating,1,0,0,1
Katrin Mattscherodt,28,2010,2/28/10,Speed Skating,1,0,0,1
Jenny Wolf,31,2010,2/28/10,Speed Skating,0,1,0,1
Daniela Anschütz-Thoms,31,2006,2/26/06,Speed Skating,1,0,0,1
Lucille Opitz,28,2006,2/26/06,Speed Skating,1,0,0,1
Sabine Völker,32,2006,2/26/06,Speed Skating,1,0,0,1
Jens Boden,23,2002,2/24/02,Speed Skating,0,0,1,1
Anni Friesinger-Postma,25,2002,2/24/02,Speed Skating,1,0,0,1
Monique Garbrecht-Enfeldt,33,2002,2/24/02,Speed Skating,0,1,0,1
Amelie Kober,18,2006,2/26/06,Snowboarding,0,1,0,1
Michael Neumayer,31,2010,2/28/10,Ski Jumping,0,1,0,1
Martin Schmitt,32,2010,2/28/10,Ski Jumping,0,1,0,1
Michael Uhrmann,31,2010,2/28/10,Ski Jumping,0,1,0,1
Andreas Wank,22,2010,2/28/10,Ski Jumping,0,1,0,1
Stephan Hocke,18,2002,2/24/02,Ski Jumping,1,0,0,1
Martin Schmitt,24,2002,2/24/02,Ski Jumping,1,0,0,1
Michael Uhrmann,23,2002,2/24/02,Ski Jumping,1,0,0,1
Anja Huber,26,2010,2/28/10,Skeleton,0,0,1,1
Kerstin Szymkowiak,32,2010,2/28/10,Skeleton,0,1,0,1
Christine Brinker-Wenzel,27,2008,8/24/08,Shooting,0,0,1,1
Munkhbayar Dorjsuren,39,2008,8/24/08,Shooting,0,0,1,1
Christian Reitz,21,2008,8/24/08,Shooting,0,0,1,1
Ralf Schumann,46,2008,8/24/08,Shooting,0,1,0,1
Manfred Kurzer,34,2004,8/29/04,Shooting,1,0,0,1
Christian Lusch,23,2004,8/29/04,Shooting,0,1,0,1
Ralf Schumann,42,2004,8/29/04,Shooting,1,0,0,1
Hannes Peckolt,25,2008,8/24/08,Sailing,0,0,1,1
Jan Peter Peckolt,27,2008,8/24/08,Sailing,0,0,1,1
Gunnar Bahr,25,2000,10/1/00,Sailing,0,1,0,1
Ingo Borkowski,28,2000,10/1/00,Sailing,0,1,0,1
Roland Gäbler,35,2000,10/1/00,Sailing,0,0,1,1
Amelie Lux,23,2000,10/1/00,Sailing,0,1,0,1
Jochen Schümann,46,2000,10/1/00,Sailing,0,1,0,1
René Schwall,29,2000,10/1/00,Sailing,0,0,1,1
Filip Adamski,29,2012,8/12/12,Rowing,1,0,0,1
Carina Bär,22,2012,8/12/12,Rowing,0,1,0,1
Tim Grohmann,23,2012,8/12/12,Rowing,1,0,0,1
Eric Johannesen,24,2012,8/12/12,Rowing,1,0,0,1
Andreas Kuffner,25,2012,8/12/12,Rowing,1,0,0,1
Florian Mennigen,30,2012,8/12/12,Rowing,1,0,0,1
Lukas Müller,25,2012,8/12/12,Rowing,1,0,0,1
Britta Oppelt,34,2012,8/12/12,Rowing,0,1,0,1
Maximilian Reinelt,23,2012,8/12/12,Rowing,1,0,0,1
Julia Richter,23,2012,8/12/12,Rowing,0,1,0,1
Martin Sauer,29,2012,8/12/12,Rowing,1,0,0,1
Richard Schmidt,25,2012,8/12/12,Rowing,1,0,0,1
Lauritz Schoof,21,2012,8/12/12,Rowing,1,0,0,1
Karl Schulze,24,2012,8/12/12,Rowing,1,0,0,1
Annekatrin Thiele,27,2012,8/12/12,Rowing,0,1,0,1
Phillipp Wende,27,2012,8/12/12,Rowing,1,0,0,1
Kristof Wilke,27,2012,8/12/12,Rowing,1,0,0,1
Kathrin Boron,38,2008,8/24/08,Rowing,0,0,1,1
Christiane Huth,27,2008,8/24/08,Rowing,0,1,0,1
Manuela Lutze,34,2008,8/24/08,Rowing,0,0,1,1
Britta Oppelt,30,2008,8/24/08,Rowing,0,0,1,1
Stephanie Schiller,22,2008,8/24/08,Rowing,0,0,1,1
Annekatrin Thiele,23,2008,8/24/08,Rowing,0,1,0,1
Claudia Blasberg,29,2004,8/29/04,Rowing,0,1,0,1
Kathrin Boron,34,2004,8/29/04,Rowing,1,0,0,1
Meike Evers,27,2004,8/29/04,Rowing,1,0,0,1
Kerstin Kowalski-El-Qalqili,28,2004,8/29/04,Rowing,1,0,0,1
Manuela Lutze,30,2004,8/29/04,Rowing,1,0,0,1
Britta Oppelt,26,2004,8/29/04,Rowing,0,1,0,1
Daniela Reimer,21,2004,8/29/04,Rowing,0,1,0,1
Katrin Rutschow-Stomporowski,29,2004,8/29/04,Rowing,1,0,0,1
Peggy Waleska,24,2004,8/29/04,Rowing,0,1,0,1
Claudia Blasberg,25,2000,10/1/00,Rowing,0,1,0,1
Kathrin Boron,30,2000,10/1/00,Rowing,1,0,0,1
Meike Evers,23,2000,10/1/00,Rowing,1,0,0,1
Marco Geisler,26,2000,10/1/00,Rowing,0,0,1,1
Marcel Hacker,23,2000,10/1/00,Rowing,0,0,1,1
Andreas Hajek,32,2000,10/1/00,Rowing,0,0,1,1
Manja Kowalski,24,2000,10/1/00,Rowing,1,0,0,1
Kerstin Kowalski-El-Qalqili,24,2000,10/1/00,Rowing,1,0,0,1
Manuela Lutze,26,2000,10/1/00,Rowing,1,0,0,1
Katrin Rutschow-Stomporowski,25,2000,10/1/00,Rowing,0,0,1,1
Jana Thieme,30,2000,10/1/00,Rowing,1,0,0,1
Valerie Viehoff,24,2000,10/1/00,Rowing,0,1,0,1
Stephan Volkert,29,2000,10/1/00,Rowing,0,0,1,1
André Willms,28,2000,10/1/00,Rowing,0,0,1,1
Tino Edelmann,24,2010,2/28/10,Nordic Combined,0,0,1,1
Eric Frenzel,21,2010,2/28/10,Nordic Combined,0,0,1,1
Björn Kircheisen,26,2010,2/28/10,Nordic Combined,0,0,1,1
Johannes Rydzek,18,2010,2/28/10,Nordic Combined,0,0,1,1
Ronny Ackermann,28,2006,2/26/06,Nordic Combined,0,1,0,1
Jens Gaiser,27,2006,2/26/06,Nordic Combined,0,1,0,1
Björn Kircheisen,22,2006,2/26/06,Nordic Combined,0,1,0,1
Georg Hettich,23,2002,2/24/02,Nordic Combined,0,1,0,1
Marcel Höhlig,22,2002,2/24/02,Nordic Combined,0,1,0,1
Björn Kircheisen,18,2002,2/24/02,Nordic Combined,0,1,0,1
Lena Schöneborn,22,2008,8/24/08,Modern Pentathlon,1,0,0,1
Natalie Geisenberger,22,2010,2/28/10,Luge,0,0,1,1
Tatjana Hüfner,26,2010,2/28/10,Luge,1,0,0,1
Patric Leitner,32,2010,2/28/10,Luge,0,0,1,1
Felix Loch,20,2010,2/28/10,Luge,1,0,0,1
David Möller,28,2010,2/28/10,Luge,0,1,0,1
Alexander Resch,30,2010,2/28/10,Luge,0,0,1,1
André Florschütz,29,2006,2/26/06,Luge,0,1,0,1
Tatjana Hüfner,22,2006,2/26/06,Luge,0,0,1,1
Silke Kraushaar,35,2006,2/26/06,Luge,0,1,0,1
Sylke Otto,36,2006,2/26/06,Luge,1,0,0,1
Torsten Wustlich,29,2006,2/26/06,Luge,0,1,0,1
Georg Hackl,35,2002,2/24/02,Luge,0,1,0,1
Silke Kraushaar,31,2002,2/24/02,Luge,0,0,1,1
Patric Leitner,24,2002,2/24/02,Luge,1,0,0,1
Barbara Niedernhuber,27,2002,2/24/02,Luge,0,1,0,1
Sylke Otto,32,2002,2/24/02,Luge,1,0,0,1
Alexander Resch,22,2002,2/24/02,Luge,1,0,0,1
Ole Bischof,32,2012,8/12/12,Judo,0,1,0,1
Dimitri Peters,28,2012,8/12/12,Judo,0,0,1,1
Kerstin Thiele,25,2012,8/12/12,Judo,0,1,0,1
Andreas Tölzer,32,2012,8/12/12,Judo,0,0,1,1
Ole Bischof,28,2008,8/24/08,Judo,1,0,0,1
Annett Böhm,24,2004,8/29/04,Judo,0,0,1,1
Yvonne Bönisch,23,2004,8/29/04,Judo,1,0,0,1
Michael Jurack,25,2004,8/29/04,Judo,0,0,1,1
Julia Matijass,30,2004,8/29/04,Judo,0,0,1,1
Anna-Maria Gradante,23,2000,10/1/00,Judo,0,0,1,1
Oskar Deecke,26,2012,8/12/12,Hockey,1,0,0,1
Florian Fuchs,20,2012,8/12/12,Hockey,1,0,0,1
Moritz Fürste,27,2012,8/12/12,Hockey,1,0,0,1
Martin Häner,23,2012,8/12/12,Hockey,1,0,0,1
Tobias Hauke,24,2012,8/12/12,Hockey,1,0,0,1
Oliver Korn,28,2012,8/12/12,Hockey,1,0,0,1
Max Müller,25,2012,8/12/12,Hockey,1,0,0,1
Jan Philipp Rabente,25,2012,8/12/12,Hockey,1,0,0,1
Thilo Stralkowski,25,2012,8/12/12,Hockey,1,0,0,1
Max Weinhold,30,2012,8/12/12,Hockey,1,0,0,1
Christopher Wesley,25,2012,8/12/12,Hockey,1,0,0,1
Benjamin Weß,27,2012,8/12/12,Hockey,1,0,0,1
Timo Weß,30,2012,8/12/12,Hockey,1,0,0,1
Matthias Witthaus,30,2012,8/12/12,Hockey,1,0,0,1
Christopher Zeller,27,2012,8/12/12,Hockey,1,0,0,1
Philipp Zeller,29,2012,8/12/12,Hockey,1,0,0,1
Sebastian Biederlack,26,2008,8/24/08,Hockey,1,0,0,1
Moritz Fürste,23,2008,8/24/08,Hockey,1,0,0,1
Tobias Hauke,20,2008,8/24/08,Hockey,1,0,0,1
Florian Keller,26,2008,8/24/08,Hockey,1,0,0,1
Oliver Korn,24,2008,8/24/08,Hockey,1,0,0,1
Niklas Meinert,27,2008,8/24/08,Hockey,1,0,0,1
Jan-Marco Montag,24,2008,8/24/08,Hockey,1,0,0,1
Max Müller,21,2008,8/24/08,Hockey,1,0,0,1
Carlos Nevado,25,2008,8/24/08,Hockey,1,0,0,1
Max Weinhold,26,2008,8/24/08,Hockey,1,0,0,1
Tibor Weißenborn,27,2008,8/24/08,Hockey,1,0,0,1
Benjamin Weß,23,2008,8/24/08,Hockey,1,0,0,1
Timo Weß,26,2008,8/24/08,Hockey,1,0,0,1
Philip Witte,24,2008,8/24/08,Hockey,1,0,0,1
Matthias Witthaus,26,2008,8/24/08,Hockey,1,0,0,1
Christopher Zeller,23,2008,8/24/08,Hockey,1,0,0,1
Philipp Zeller,25,2008,8/24/08,Hockey,1,0,0,1
Clemens Arnold,25,2004,8/29/04,Hockey,0,0,1,1
Tina Bachmann,26,2004,8/29/04,Hockey,1,0,0,1
Christoph Bechmann,32,2004,8/29/04,Hockey,0,0,1,1
Sebastian Biederlack,22,2004,8/29/04,Hockey,0,0,1,1
Caroline Casaretto,26,2004,8/29/04,Hockey,1,0,0,1
Philipp Crone,27,2004,8/29/04,Hockey,0,0,1,1
Eike Duckwitz,24,2004,8/29/04,Hockey,0,0,1,1
Christoph Eimer,27,2004,8/29/04,Hockey,0,0,1,1
Björn Emmerling,28,2004,8/29/04,Hockey,0,0,1,1
Nadine Ernsting-Krienke,30,2004,8/29/04,Hockey,1,0,0,1
Franziska Gude,28,2004,8/29/04,Hockey,1,0,0,1
Mandy Haase,22,2004,8/29/04,Hockey,1,0,0,1
Natascha Keller,27,2004,8/29/04,Hockey,1,0,0,1
Denise Klecker,32,2004,8/29/04,Hockey,1,0,0,1
Anke Kühn,23,2004,8/29/04,Hockey,1,0,0,1
Florian Kunz,32,2004,8/29/04,Hockey,0,0,1,1
Badri Latif,27,2004,8/29/04,Hockey,1,0,0,1
Heike Lätzsch,30,2004,8/29/04,Hockey,1,0,0,1
Sonja Lehmann,24,2004,8/29/04,Hockey,1,0,0,1
Björn Michel,29,2004,8/29/04,Hockey,0,0,1,1
Silke Müller,25,2004,8/29/04,Hockey,1,0,0,1
Sascha Reinelt,31,2004,8/29/04,Hockey,0,0,1,1
Fanny Rinne,24,2004,8/29/04,Hockey,1,0,0,1
Marion Rodewald,27,2004,8/29/04,Hockey,1,0,0,1
Justus Scharowsky,24,2004,8/29/04,Hockey,0,0,1,1
Christian Schulte,28,2004,8/29/04,Hockey,0,0,1,1
Louisa Walter,25,2004,8/29/04,Hockey,1,0,0,1
Tibor Weißenborn,23,2004,8/29/04,Hockey,0,0,1,1
Timo Weß,22,2004,8/29/04,Hockey,0,0,1,1
Matthias Witthaus,22,2004,8/29/04,Hockey,0,0,1,1
Christopher Zeller,19,2004,8/29/04,Hockey,0,0,1,1
Julia Zwehl,28,2004,8/29/04,Hockey,1,0,0,1
Markus Baur,33,2004,8/29/04,Handball,0,1,0,1
Mark Dragunski,33,2004,8/29/04,Handball,0,1,0,1
Henning Fritz,29,2004,8/29/04,Handball,0,1,0,1
Pascal Hens,24,2004,8/29/04,Handball,0,1,0,1
Jan-Olaf Immel,28,2004,8/29/04,Handball,0,1,0,1
Torsten Jansen,27,2004,8/29/04,Handball,0,1,0,1
Florian Kehrmann,27,2004,8/29/04,Handball,0,1,0,1
Stefan Kretzschmar,31,2004,8/29/04,Handball,0,1,0,1
Klaus-Dieter Petersen,35,2004,8/29/04,Handball,0,1,0,1
Christian Ramota,31,2004,8/29/04,Handball,0,1,0,1
Christian Schwarzer,34,2004,8/29/04,Handball,0,1,0,1
Daniel Stephan,31,2004,8/29/04,Handball,0,1,0,1
Frank von Behren,27,2004,8/29/04,Handball,0,1,0,1
Christian Zeitz,23,2004,8/29/04,Handball,0,1,0,1
Volker Zerbe,36,2004,8/29/04,Handball,0,1,0,1
Fabian Hambüchen,24,2012,8/12/12,Gymnastics,0,1,0,1
Oksana Chusovitina,33,2008,8/24/08,Gymnastics,0,1,0,1
Fabian Hambüchen,20,2008,8/24/08,Gymnastics,0,0,1,1
Nadine Angerer,29,2008,8/24/08,Football,0,0,1,1
Lira Bajramaj,20,2008,8/24/08,Football,0,0,1,1
Melanie Behringer,22,2008,8/24/08,Football,0,0,1,1
Linda Bresonik,24,2008,8/24/08,Football,0,0,1,1
Kerstin Garefrekes,28,2008,8/24/08,Football,0,0,1,1
Ariane Hingst,29,2008,8/24/08,Football,0,0,1,1
Annike Krahn,23,2008,8/24/08,Football,0,0,1,1
Simone Laudehr,22,2008,8/24/08,Football,0,0,1,1
Renate Lingor,32,2008,8/24/08,Football,0,0,1,1
Anja Mittag,23,2008,8/24/08,Football,0,0,1,1
Célia Okoyino da Mbabi,20,2008,8/24/08,Football,0,0,1,1
Babett Peter,20,2008,8/24/08,Football,0,0,1,1
Conny Pohlers,29,2008,8/24/08,Football,0,0,1,1
Birgit Prinz,30,2008,8/24/08,Football,0,0,1,1
Sandra Smisek,31,2008,8/24/08,Football,0,0,1,1
Kerstin Stegemann,30,2008,8/24/08,Football,0,0,1,1
Isabell Bachor,21,2004,8/29/04,Football,0,0,1,1
Sonja Fuss,25,2004,8/29/04,Football,0,0,1,1
Kerstin Garefrekes,24,2004,8/29/04,Football,0,0,1,1
Sarah Günther,21,2004,8/29/04,Football,0,0,1,1
Ariane Hingst,25,2004,8/29/04,Football,0,0,1,1
Steffi Jones,31,2004,8/29/04,Football,0,0,1,1
Renate Lingor,28,2004,8/29/04,Football,0,0,1,1
Sandra Minnert,31,2004,8/29/04,Football,0,0,1,1
Martina Müller,24,2004,8/29/04,Football,0,0,1,1
Viola Odebrecht,21,2004,8/29/04,Football,0,0,1,1
Navina Omilade,22,2004,8/29/04,Football,0,0,1,1
Conny Pohlers,25,2004,8/29/04,Football,0,0,1,1
Birgit Prinz,26,2004,8/29/04,Football,0,0,1,1
Silke Rottenberg,32,2004,8/29/04,Football,0,0,1,1
Kerstin Stegemann,26,2004,8/29/04,Football,0,0,1,1
Petra Wimbersky,21,2004,8/29/04,Football,0,0,1,1
Pia Wunderlich,29,2004,8/29/04,Football,0,0,1,1
Nicole Brandebusemeyer,25,2000,10/1/00,Football,0,0,1,1
Doris Fitschen,31,2000,10/1/00,Football,0,0,1,1
Jeanette Götte,21,2000,10/1/00,Football,0,0,1,1
Stefanie Gottschlich,22,2000,10/1/00,Football,0,0,1,1
Inka Grings,21,2000,10/1/00,Football,0,0,1,1
Ariane Hingst,21,2000,10/1/00,Football,0,0,1,1
Melanie Hoffmann,25,2000,10/1/00,Football,0,0,1,1
Steffi Jones,27,2000,10/1/00,Football,0,0,1,1
Renate Lingor,24,2000,10/1/00,Football,0,0,1,1
Maren Meinert,27,2000,10/1/00,Football,0,0,1,1
Sandra Minnert,27,2000,10/1/00,Football,0,0,1,1
Claudia Müller,26,2000,10/1/00,Football,0,0,1,1
Birgit Prinz,22,2000,10/1/00,Football,0,0,1,1
Silke Rottenberg,28,2000,10/1/00,Football,0,0,1,1
Kerstin Stegemann,22,2000,10/1/00,Football,0,0,1,1
Bettina Wiegmann,28,2000,10/1/00,Football,0,0,1,1
Tina Wunderlich,22,2000,10/1/00,Football,0,0,1,1
Aljona Sawtchenko,26,2010,2/28/10,Figure Skating,0,0,1,1
Robin Szolkowy,30,2010,2/28/10,Figure Skating,0,0,1,1
Sebastian Bachmann,25,2012,8/12/12,Fencing,0,0,1,1
Britta Heidemann,29,2012,8/12/12,Fencing,0,1,0,1
Peter Joppich,29,2012,8/12/12,Fencing,0,0,1,1
Benjamin Kleibrink,27,2012,8/12/12,Fencing,0,0,1,1
André Weßels,30,2012,8/12/12,Fencing,0,0,1,1
Britta Heidemann,25,2008,8/24/08,Fencing,1,0,0,1
Benjamin Kleibrink,23,2008,8/24/08,Fencing,1,0,0,1
Claudia Bokel,30,2004,8/29/04,Fencing,0,1,0,1
Imke Duplitzer,29,2004,8/29/04,Fencing,0,1,0,1
Jörg Fiedler,26,2004,8/29/04,Fencing,0,0,1,1
Britta Heidemann,21,2004,8/29/04,Fencing,0,1,0,1
Sven Schmid,26,2004,8/29/04,Fencing,0,0,1,1
Daniel Strigel,29,2004,8/29/04,Fencing,0,0,1,1
Sabine Bau,31,2000,10/1/00,Fencing,0,0,1,1
Dennis Bauer,19,2000,10/1/00,Fencing,0,0,1,1
Ralf Bißdorf,29,2000,10/1/00,Fencing,0,1,0,1
Alexander Weber,22,2000,10/1/00,Fencing,0,0,1,1
Monika Weber-Koszto,34,2000,10/1/00,Fencing,0,0,1,1
Ingrid Klimke,44,2012,8/12/12,Equestrian,1,0,0,1
Helen Langehanenberg,30,2012,8/12/12,Equestrian,0,1,0,1
Dorothee Schneider,43,2012,8/12/12,Equestrian,0,1,0,1
Dirk Schrade,34,2012,8/12/12,Equestrian,1,0,0,1
Kristina Sprehe,25,2012,8/12/12,Equestrian,0,1,0,1
Peter Thomsen,51,2012,8/12/12,Equestrian,1,0,0,1
Nadine Capellmann,43,2008,8/24/08,Equestrian,1,0,0,1
Andreas Dibowski,42,2008,8/24/08,Equestrian,1,0,0,1
Ingrid Klimke,40,2008,8/24/08,Equestrian,1,0,0,1
Frank Ostholt,32,2008,8/24/08,Equestrian,1,0,0,1
Peter Thomsen,47,2008,8/24/08,Equestrian,1,0,0,1
Christian Ahlmann,29,2004,8/29/04,Equestrian,0,0,1,1
Otto Becker,45,2004,8/29/04,Equestrian,0,0,1,1
Heike Kemmer,42,2004,8/29/04,Equestrian,1,0,0,1
Martin Schaudt,45,2004,8/29/04,Equestrian,1,0,0,1
Hubertus Schmidt,44,2004,8/29/04,Equestrian,1,0,0,1
Otto Becker,41,2000,10/1/00,Equestrian,1,0,0,1
Ludger Beerbaum,37,2000,10/1/00,Equestrian,1,0,0,1
Nadine Capellmann,35,2000,10/1/00,Equestrian,1,0,0,1
Marcus Ehning,26,2000,10/1/00,Equestrian,1,0,0,1
Lars Nieberg,37,2000,10/1/00,Equestrian,1,0,0,1
Alexandra Simons de Ridder,36,2000,10/1/00,Equestrian,1,0,0,1
Heike Fischer,25,2008,8/24/08,Diving,0,0,1,1
Patrick Hausding,19,2008,8/24/08,Diving,0,1,0,1
Sascha Klein,22,2008,8/24/08,Diving,0,1,0,1
Ditte Kotzian,29,2008,8/24/08,Diving,0,0,1,1
Tobias Schellenberg,25,2004,8/29/04,Diving,0,1,0,1
Andreas Wels,29,2004,8/29/04,Diving,0,1,0,1
Jan Hempel,29,2000,10/1/00,Diving,0,0,1,1
Dörte Lindner,26,2000,10/1/00,Diving,0,0,1,1
Heiko Meyer,23,2000,10/1/00,Diving,0,0,1,1
Judith Arndt,36,2012,8/12/12,Cycling,0,1,0,1
René Enders,25,2012,8/12/12,Cycling,0,0,1,1
Robert Förstemann,26,2012,8/12/12,Cycling,0,0,1,1
Tony Martin,27,2012,8/12/12,Cycling,0,1,0,1
Sabine Spitz,40,2012,8/12/12,Cycling,0,1,0,1
Kristina Vogel,21,2012,8/12/12,Cycling,1,0,0,1
Miriam Welte,25,2012,8/12/12,Cycling,1,0,0,1
René Enders,21,2008,8/24/08,Cycling,0,0,1,1
Roger Kluge,22,2008,8/24/08,Cycling,0,1,0,1
Maximilian Levy,21,2008,8/24/08,Cycling,0,0,1,1
Stefan Nimke,30,2008,8/24/08,Cycling,0,0,1,1
Sabine Spitz,36,2008,8/24/08,Cycling,1,0,0,1
Judith Arndt,28,2004,8/29/04,Cycling,0,1,0,1
Jens Fiedler,34,2004,8/29/04,Cycling,1,0,0,1
Guido Fulst,34,2004,8/29/04,Cycling,0,0,1,1
Sabine Spitz,32,2004,8/29/04,Cycling,0,0,1,1
Daniel Becke,22,2000,10/1/00,Cycling,1,0,0,1
Guido Fulst,30,2000,10/1/00,Cycling,1,0,0,1
Andreas Klöden,25,2000,10/1/00,Cycling,0,0,1,1
Hanka Kupfernagel,26,2000,10/1/00,Cycling,0,1,0,1
Stefan Nimke,22,2000,10/1/00,Cycling,0,1,0,1
Olaf Pollack,26,2000,10/1/00,Cycling,1,0,0,1
Tobias Angerer,32,2010,2/28/10,Cross Country Skiing,0,1,0,1
Miriam Gössner,19,2010,2/28/10,Cross Country Skiing,0,1,0,1
Tim Tscharnke,20,2010,2/28/10,Cross Country Skiing,0,1,0,1
Katrin Zeller,30,2010,2/28/10,Cross Country Skiing,0,1,0,1
Viola Bauer,29,2006,2/26/06,Cross Country Skiing,0,1,0,1
Stefanie Böhler,24,2006,2/26/06,Cross Country Skiing,0,1,0,1
Jens Filbrich,26,2006,2/26/06,Cross Country Skiing,0,1,0,1
Evi Sachenbacher-Stehle,25,2006,2/26/06,Cross Country Skiing,0,1,0,1
Andreas Schlütter,33,2006,2/26/06,Cross Country Skiing,0,1,0,1
René Sommerfeldt,31,2006,2/26/06,Cross Country Skiing,0,1,0,1
Tobias Angerer,24,2002,2/24/02,Cross Country Skiing,0,0,1,1
Jens Filbrich,22,2002,2/24/02,Cross Country Skiing,0,0,1,1
Manuela Henkel,27,2002,2/24/02,Cross Country Skiing,1,0,0,1
Claudia Künzel-Nystad,24,2002,2/24/02,Cross Country Skiing,1,0,0,1
Peter Schlickenrieder,32,2002,2/24/02,Cross Country Skiing,0,1,0,1
Andreas Schlütter,29,2002,2/24/02,Cross Country Skiing,0,0,1,1
René Sommerfeldt,27,2002,2/24/02,Cross Country Skiing,0,0,1,1
Hannes Aigner,23,2012,8/12/12,Canoeing,0,0,1,1
Sebastian Brendel,24,2012,8/12/12,Canoeing,1,0,0,1
Max Hoff,29,2012,8/12/12,Canoeing,0,0,1,1
Martin Hollstein,25,2012,8/12/12,Canoeing,0,0,1,1
Andreas Ihle,33,2012,8/12/12,Canoeing,0,0,1,1
Peter Kretschmer,20,2012,8/12/12,Canoeing,1,0,0,1
Kurt Kuschela,23,2012,8/12/12,Canoeing,1,0,0,1
Carolin Leonhardt,27,2012,8/12/12,Canoeing,0,1,0,1
Sideris Tasiadis,22,2012,8/12/12,Canoeing,0,1,0,1
Katrin Wagner-Augustin,34,2012,8/12/12,Canoeing,0,1,0,1
Lutz Altepost,26,2008,8/24/08,Canoeing,0,0,1,1
Norman Bröckl,21,2008,8/24/08,Canoeing,0,0,1,1
Torsten Eckbrett,24,2008,8/24/08,Canoeing,0,0,1,1
Fanny Fischer,21,2008,8/24/08,Canoeing,1,0,0,1
Björn Goldschmidt,28,2008,8/24/08,Canoeing,0,0,1,1
Alexander Grimm,21,2008,8/24/08,Canoeing,1,0,0,1
Martin Hollstein,21,2008,8/24/08,Canoeing,1,0,0,1
Andreas Ihle,29,2008,8/24/08,Canoeing,1,0,0,1
Ronald Rauhe,26,2008,8/24/08,Canoeing,0,1,0,1
Nicole Reinhardt,22,2008,8/24/08,Canoeing,1,0,0,1
Conny Wassmuth,25,2008,8/24/08,Canoeing,1,0,0,1
Tim Wieskötter,29,2008,8/24/08,Canoeing,0,1,0,1
Björn Bach,28,2004,8/29/04,Canoeing,0,1,0,1
Marcus Becker,22,2004,8/29/04,Canoeing,0,1,0,1
Christian Gille,28,2004,8/29/04,Canoeing,1,0,0,1
Stefan Henze,23,2004,8/29/04,Canoeing,0,1,0,1
Andreas Ihle,25,2004,8/29/04,Canoeing,0,1,0,1
Maike Nollen,26,2004,8/29/04,Canoeing,1,0,0,1
Stefan Pfannmöller,23,2004,8/29/04,Canoeing,0,0,1,1
Ronald Rauhe,22,2004,8/29/04,Canoeing,1,0,0,1
Stefan Ulm,28,2004,8/29/04,Canoeing,0,1,0,1
Katrin Wagner-Augustin,26,2004,8/29/04,Canoeing,1,0,0,1
Tim Wieskötter,25,2004,8/29/04,Canoeing,1,0,0,1
Tomasz Wylenzek,21,2004,8/29/04,Canoeing,1,0,0,1
Mark Zabel,31,2004,8/29/04,Canoeing,0,1,0,1
Björn Bach,24,2000,10/1/00,Canoeing,0,1,0,1
Lars Kober,23,2000,10/1/00,Canoeing,0,0,1,1
Manuela Mucke,25,2000,10/1/00,Canoeing,1,0,0,1
Ronald Rauhe,18,2000,10/1/00,Canoeing,0,0,1,1
Jan Schäfer,25,2000,10/1/00,Canoeing,0,1,0,1
Thomas Schmidt,24,2000,10/1/00,Canoeing,1,0,0,1
Anett Schuck,30,2000,10/1/00,Canoeing,1,0,0,1
Stefan Ulm,24,2000,10/1/00,Canoeing,0,1,0,1
Stefan Uteß,25,2000,10/1/00,Canoeing,0,0,1,1
Tim Wieskötter,21,2000,10/1/00,Canoeing,0,0,1,1
Mark Zabel,27,2000,10/1/00,Canoeing,0,1,0,1
Rustam Rahimov,29,2004,8/29/04,Boxing,0,0,1,1
Vitali Tajbert,22,2004,8/29/04,Boxing,0,0,1,1
Sebastian Köber,21,2000,10/1/00,Boxing,0,0,1,1
Richy Adjei,27,2010,2/28/10,Bobsleigh,0,1,0,1
Thomas Florschütz,32,2010,2/28/10,Bobsleigh,0,1,0,1
Martin Putze,25,2010,2/28/10,Bobsleigh,0,1,0,1
Alexander Rödiger,24,2010,2/28/10,Bobsleigh,0,1,0,1
René Hoppe,29,2006,2/26/06,Bobsleigh,1,0,0,1
Sandra Prokoff-Kiriasis,31,2006,2/26/06,Bobsleigh,1,0,0,1
Martin Putze,21,2006,2/26/06,Bobsleigh,1,0,0,1
Anja Schneiderheinze,27,2006,2/26/06,Bobsleigh,1,0,0,1
Carsten Embach,33,2002,2/24/02,Bobsleigh,1,0,0,1
Susi Erdmann,34,2002,2/24/02,Bobsleigh,0,0,1,1
Nicole Herschmann,26,2002,2/24/02,Bobsleigh,0,0,1,1
Ulrike Holzner,33,2002,2/24/02,Bobsleigh,0,1,0,1
Enrico Kühn,24,2002,2/24/02,Bobsleigh,1,0,0,1
Kevin Kuske,23,2002,2/24/02,Bobsleigh,1,0,0,1
André Lange,28,2002,2/24/02,Bobsleigh,1,0,0,1
Christoph Langen,39,2002,2/24/02,Bobsleigh,1,0,0,1
Sandra Prokoff-Kiriasis,27,2002,2/24/02,Bobsleigh,0,1,0,1
Markus Zimmermann,37,2002,2/24/02,Bobsleigh,1,0,0,1
Martina Glagow-Beck,30,2010,2/28/10,Biathlon,0,0,1,1
Andrea Henkel,32,2010,2/28/10,Biathlon,0,0,1,1
Kati Wilhelm,33,2010,2/28/10,Biathlon,0,0,1,1
Katrin Apel,32,2006,2/26/06,Biathlon,0,1,0,1
Uschi Disl,35,2006,2/26/06,Biathlon,0,0,1,1
Ricco Groß,35,2006,2/26/06,Biathlon,1,0,0,1
Andrea Henkel,28,2006,2/26/06,Biathlon,0,1,0,1
Michael Rösch,22,2006,2/26/06,Biathlon,1,0,0,1
Katrin Apel,28,2002,2/24/02,Biathlon,1,0,0,1
Peter Sendel,29,2002,2/24/02,Biathlon,0,1,0,1
Julius Brink,30,2012,8/12/12,Beach Volleyball,1,0,0,1
Jonas Reckermann,33,2012,8/12/12,Beach Volleyball,1,0,0,1
Jörg Ahmann,34,2000,10/1/00,Beach Volleyball,0,0,1,1
Axel Hager,31,2000,10/1/00,Beach Volleyball,0,0,1,1
Robert Harting,27,2012,8/12/12,Athletics,1,0,0,1
Betty Heidler,28,2012,8/12/12,Athletics,0,0,1,1
Raphael Holzdeppe,22,2012,8/12/12,Athletics,0,0,1,1
Christina Obergföll,30,2012,8/12/12,Athletics,0,1,0,1
Björn Otto,34,2012,8/12/12,Athletics,0,1,0,1
Lilli Schwarzkopf,28,2012,8/12/12,Athletics,0,1,0,1
Linda Stahl,26,2012,8/12/12,Athletics,0,0,1,1
David Storl,22,2012,8/12/12,Athletics,0,1,0,1
Christina Obergföll,26,2008,8/24/08,Athletics,0,0,1,1
Nadine Kleinert-Schmitt,28,2004,8/29/04,Athletics,0,1,0,1
Steffi Nerius,32,2004,8/29/04,Athletics,0,1,0,1
Heike Drechsler,35,2000,10/1/00,Athletics,1,0,0,1
Astrid Kumbernuss,30,2000,10/1/00,Athletics,0,0,1,1
Kirsten Münchow,23,2000,10/1/00,Athletics,0,0,1,1
Lars Riedel,33,2000,10/1/00,Athletics,0,1,0,1
Nils Schumann,22,2000,10/1/00,Athletics,1,0,0,1
Viktoria Rebensburg,20,2010,2/28/10,Alpine Skiing,1,0,0,1
Martina Ertl-Renz,28,2002,2/24/02,Alpine Skiing,0,0,1,1
Barbara Mensing,39,2000,10/1/00,Archery,0,0,1,1
Cornelia Pfohl,29,2000,10/1/00,Archery,0,0,1,1
Sandra Wagner-Sachse,31,2000,10/1/00,Archery,0,0,1,1
