Lalonde Gordon,23,2012,8/12/12,Athletics,0,0,2,2
Richard Thompson,23,2008,8/24/08,Athletics,0,2,0,2
Ato Boldon,26,2000,10/1/00,Athletics,0,1,1,2
George Bovell,21,2004,8/29/04,Swimming,0,0,1,1
Ade Alleyne-Forte,23,2012,8/12/12,Athletics,0,0,1,1
Keston Bledman,24,2012,8/12/12,Athletics,0,0,1,1
Marc Burns,29,2012,8/12/12,Athletics,0,0,1,1
Emmanuel Callender,28,2012,8/12/12,Athletics,0,0,1,1
Deon Lendore,19,2012,8/12/12,Athletics,0,0,1,1
Jarrin Solomon,26,2012,8/12/12,Athletics,0,0,1,1
Richard Thompson,27,2012,8/12/12,Athletics,0,0,1,1
Keshorn Walcott,19,2012,8/12/12,Athletics,1,0,0,1
Aaron Armstrong,30,2008,8/24/08,Athletics,0,1,0,1
Keston Bledman,20,2008,8/24/08,Athletics,0,1,0,1
Marc Burns,25,2008,8/24/08,Athletics,0,1,0,1
Emmanuel Callender,24,2008,8/24/08,Athletics,0,1,0,1
