Sun Yang,20,2012,8/12/12,Swimming,2,1,1,4
Pang Jiaying,23,2008,8/24/08,Swimming,0,1,2,3
Wang Meng,24,2010,2/28/10,Short-Track Speed Skating,3,0,0,3
Wang Meng,20,2006,2/26/06,Short-Track Speed Skating,1,1,1,3
Yang Yang (A),25,2002,2/24/02,Short-Track Speed Skating,2,1,0,3
Zou Kai,24,2012,8/12/12,Gymnastics,2,0,1,3
Cheng Fei,20,2008,8/24/08,Gymnastics,1,0,2,3
Yang Wei,28,2008,8/24/08,Gymnastics,2,1,0,3
Yang Yilin,15,2008,8/24/08,Gymnastics,1,0,2,3
Zou Kai,20,2008,8/24/08,Gymnastics,3,0,0,3
Guo Shuang,26,2012,8/12/12,Cycling,0,2,1,3
Ding Ning,22,2012,8/12/12,Table Tennis,1,1,0,2
Li Xiaoxia,24,2012,8/12/12,Table Tennis,2,0,0,2
Wang Hao,28,2012,8/12/12,Table Tennis,1,1,0,2
Zhang Jike,24,2012,8/12/12,Table Tennis,2,0,0,2
Guo Yue,20,2008,8/24/08,Table Tennis,1,0,1,2
Ma Lin,28,2008,8/24/08,Table Tennis,2,0,0,2
Wang Hao,24,2008,8/24/08,Table Tennis,1,1,0,2
Wang Liqin,30,2008,8/24/08,Table Tennis,1,0,1,2
Wang Nan,29,2008,8/24/08,Table Tennis,1,1,0,2
Zhang Yining,26,2008,8/24/08,Table Tennis,2,0,0,2
Zhang Yining,22,2004,8/29/04,Table Tennis,2,0,0,2
Kong Linghui,24,2000,10/1/00,Table Tennis,1,1,0,2
Li Ju,24,2000,10/1/00,Table Tennis,1,1,0,2
Liu Guoliang,24,2000,10/1/00,Table Tennis,0,1,1,2
Wang Nan,21,2000,10/1/00,Table Tennis,2,0,0,2
Huang Xuechen,22,2012,8/12/12,Synchronized Swimming,0,1,1,2
Liu Ou,25,2012,8/12/12,Synchronized Swimming,0,1,1,2
Ye Shiwen,16,2012,8/12/12,Swimming,2,0,0,2
Zhou Yang,18,2010,2/28/10,Short-Track Speed Skating,2,0,0,2
Li Jiajun,26,2002,2/24/02,Short-Track Speed Skating,0,1,1,2
Wang Chunlu,23,2002,2/24/02,Short-Track Speed Skating,0,1,1,2
Yang Yang (S),24,2002,2/24/02,Short-Track Speed Skating,0,1,1,2
Tao Luna,26,2000,10/1/00,Shooting,1,1,0,2
Chen Yibing,27,2012,8/12/12,Gymnastics,1,1,0,2
Feng Zhe,24,2012,8/12/12,Gymnastics,2,0,0,2
Chen Yibing,23,2008,8/24/08,Gymnastics,2,0,0,2
He Kexin,16,2008,8/24/08,Gymnastics,2,0,0,2
Li Xiaopeng,27,2008,8/24/08,Gymnastics,2,0,0,2
Xiao Qin,23,2008,8/24/08,Gymnastics,2,0,0,2
Li Xiaopeng,19,2000,10/1/00,Gymnastics,2,0,0,2
Liu Xuan,21,2000,10/1/00,Gymnastics,1,0,1,2
Yang Wei,20,2000,10/1/00,Gymnastics,1,1,0,2
Sun Yujie,19,2012,8/12/12,Fencing,1,0,1,2
Chen Ruolin,19,2012,8/12/12,Diving,2,0,0,2
He Zi,21,2012,8/12/12,Diving,1,1,0,2
Qin Kai,26,2012,8/12/12,Diving,1,1,0,2
Wu Minxia,26,2012,8/12/12,Diving,2,0,0,2
Chen Ruolin,15,2008,8/24/08,Diving,2,0,0,2
Guo Jingjing,26,2008,8/24/08,Diving,2,0,0,2
Qin Kai,22,2008,8/24/08,Diving,1,0,1,2
Wang Xin,16,2008,8/24/08,Diving,1,0,1,2
Wu Minxia,22,2008,8/24/08,Diving,1,0,1,2
Guo Jingjing,22,2004,8/29/04,Diving,2,0,0,2
Lao Lishi,16,2004,8/29/04,Diving,1,1,0,2
Tian Liang,24,2004,8/29/04,Diving,1,0,1,2
Wu Minxia,18,2004,8/29/04,Diving,1,1,0,2
Fu Mingxia,22,2000,10/1/00,Diving,1,1,0,2
Guo Jingjing,18,2000,10/1/00,Diving,0,2,0,2
Hu Jia,17,2000,10/1/00,Diving,0,2,0,2
Li Na,16,2000,10/1/00,Diving,1,1,0,2
Tian Liang,21,2000,10/1/00,Diving,1,1,0,2
Xiong Ni,26,2000,10/1/00,Diving,2,0,0,2
Zhao Yunlei,25,2012,8/12/12,Badminton,2,0,0,2
Yu Yang,22,2008,8/24/08,Badminton,1,0,1,2
Gao Ling,25,2004,8/29/04,Badminton,1,1,0,2
Gao Ling,21,2000,10/1/00,Badminton,1,0,1,2
Zhang Juanjuan,27,2008,8/24/08,Archery,1,1,0,2
Jing Ruixue,24,2012,8/12/12,Wrestling,0,1,0,1
Chang Yongxiang,24,2008,8/24/08,Wrestling,0,1,0,1
Wang Jiao,20,2008,8/24/08,Wrestling,1,0,0,1
Xu Li,18,2008,8/24/08,Wrestling,0,1,0,1
Wang Xu,18,2004,8/29/04,Wrestling,1,0,0,1
Sheng Zetian,27,2000,10/1/00,Wrestling,0,0,1,1
Li Xueying,22,2012,8/12/12,Weightlifting,1,0,0,1
Lin Qingfeng,23,2012,8/12/12,Weightlifting,1,0,0,1
Lu Haojie,21,2012,8/12/12,Weightlifting,0,1,0,1
Lu Xiaojun,28,2012,8/12/12,Weightlifting,1,0,0,1
Wang Mingjuan,26,2012,8/12/12,Weightlifting,1,0,0,1
Wu Jingbiao,23,2012,8/12/12,Weightlifting,0,1,0,1
Zhou Lulu,24,2012,8/12/12,Weightlifting,1,0,0,1
Cao Lei,24,2008,8/24/08,Weightlifting,1,0,0,1
Chen Xiexia,25,2008,8/24/08,Weightlifting,1,0,0,1
Chen Yanqing,29,2008,8/24/08,Weightlifting,1,0,0,1
Li Hongli,27,2008,8/24/08,Weightlifting,0,1,0,1
Liao Hui,20,2008,8/24/08,Weightlifting,1,0,0,1
Liu Chunhong,25,2008,8/24/08,Weightlifting,1,0,0,1
Long Qingquan,17,2008,8/24/08,Weightlifting,1,0,0,1
Lu Yong,22,2008,8/24/08,Weightlifting,1,0,0,1
Zhang Xiangxiang,25,2008,8/24/08,Weightlifting,1,0,0,1
Chen Yanqing,25,2004,8/29/04,Weightlifting,1,0,0,1
Le Maosheng,26,2004,8/29/04,Weightlifting,0,1,0,1
Li Zhuo,22,2004,8/29/04,Weightlifting,0,1,0,1
Liu Chunhong,21,2004,8/29/04,Weightlifting,1,0,0,1
Shi Zhiyong,24,2004,8/29/04,Weightlifting,1,0,0,1
Tang Gonghong,25,2004,8/29/04,Weightlifting,1,0,0,1
Wu Meijin,24,2004,8/29/04,Weightlifting,0,1,0,1
Zhang Guozheng,29,2004,8/29/04,Weightlifting,1,0,0,1
Chen Xiaomin,23,2000,10/1/00,Weightlifting,1,0,0,1
Ding Meiyuan,20,2000,10/1/00,Weightlifting,1,0,0,1
Lin Weining,21,2000,10/1/00,Weightlifting,1,0,0,1
Wu Wenxiong,19,2000,10/1/00,Weightlifting,0,1,0,1
Yang Xia,22,2000,10/1/00,Weightlifting,1,0,0,1
Zhan Xugang,26,2000,10/1/00,Weightlifting,1,0,0,1
Zhang Xiangxiang,17,2000,10/1/00,Weightlifting,0,0,1,1
Feng Kun,29,2008,8/24/08,Volleyball,0,0,1,1
Li Juan,27,2008,8/24/08,Volleyball,0,0,1,1
Liu Yanan,27,2008,8/24/08,Volleyball,0,0,1,1
Ma Yunwen,21,2008,8/24/08,Volleyball,0,0,1,1
Wang Yimei,20,2008,8/24/08,Volleyball,0,0,1,1
Wei Qiuyue,19,2008,8/24/08,Volleyball,0,0,1,1
Xu Yunli,21,2008,8/24/08,Volleyball,0,0,1,1
Xue Ming,21,2008,8/24/08,Volleyball,0,0,1,1
Yang Hao,28,2008,8/24/08,Volleyball,0,0,1,1
Zhang Na,28,2008,8/24/08,Volleyball,0,0,1,1
Zhao Ruirui,26,2008,8/24/08,Volleyball,0,0,1,1
Zhou Suhong,29,2008,8/24/08,Volleyball,0,0,1,1
Chen Jing,28,2004,8/29/04,Volleyball,1,0,0,1
Feng Kun,25,2004,8/29/04,Volleyball,1,0,0,1
Li Shan,24,2004,8/29/04,Volleyball,1,0,0,1
Liu Yanan,23,2004,8/29/04,Volleyball,1,0,0,1
Song Nina,24,2004,8/29/04,Volleyball,1,0,0,1
Wang Lina,26,2004,8/29/04,Volleyball,1,0,0,1
Yang Hao,24,2004,8/29/04,Volleyball,1,0,0,1
Zhang Na,24,2004,8/29/04,Volleyball,1,0,0,1
Zhang Ping,22,2004,8/29/04,Volleyball,1,0,0,1
Zhang Yuehong,28,2004,8/29/04,Volleyball,1,0,0,1
Zhao Ruirui,22,2004,8/29/04,Volleyball,1,0,0,1
Zhou Suhong,25,2004,8/29/04,Volleyball,1,0,0,1
Guo Yue,24,2012,8/12/12,Table Tennis,1,0,0,1
Ma Long,23,2012,8/12/12,Table Tennis,1,0,0,1
Chen Qi,20,2004,8/29/04,Table Tennis,1,0,0,1
Guo Yue,16,2004,8/29/04,Table Tennis,0,0,1,1
Ma Lin,24,2004,8/29/04,Table Tennis,1,0,0,1
Niu Jianfeng,23,2004,8/29/04,Table Tennis,0,0,1,1
Wang Hao,20,2004,8/29/04,Table Tennis,0,1,0,1
Wang Liqin,26,2004,8/29/04,Table Tennis,0,0,1,1
Wang Nan,25,2004,8/29/04,Table Tennis,1,0,0,1
Sun Jin,20,2000,10/1/00,Table Tennis,0,1,0,1
Wang Liqin,22,2000,10/1/00,Table Tennis,1,0,0,1
Yan Sen,25,2000,10/1/00,Table Tennis,1,0,0,1
Yang Ying,23,2000,10/1/00,Table Tennis,0,1,0,1
Dong Dong,23,2012,8/12/12,Trampoline,1,0,0,1
He Wenna,23,2012,8/12/12,Trampoline,0,0,1,1
Huang Shanshan,26,2012,8/12/12,Trampoline,0,1,0,1
Lu Chunlong,23,2012,8/12/12,Trampoline,0,0,1,1
Dong Dong,19,2008,8/24/08,Trampoline,0,0,1,1
He Wenna,19,2008,8/24/08,Trampoline,1,0,0,1
Lu Chunlong,19,2008,8/24/08,Trampoline,1,0,0,1
Huang Shanshan,18,2004,8/29/04,Trampoline,0,0,1,1
Hou Yuzhuo,24,2012,8/12/12,Taekwondo,0,1,0,1
Liu Xiaobo,28,2012,8/12/12,Taekwondo,0,0,1,1
Wu Jingyu,25,2012,8/12/12,Taekwondo,1,0,0,1
Wu Jingyu,21,2008,8/24/08,Taekwondo,1,0,0,1
Zhu Guo,23,2008,8/24/08,Taekwondo,0,0,1,1
Chen Zhong,21,2004,8/29/04,Taekwondo,1,0,0,1
Luo Wei,21,2004,8/29/04,Taekwondo,1,0,0,1
Chen Zhong,17,2000,10/1/00,Taekwondo,1,0,0,1
Yan Zi,23,2008,8/24/08,Tennis,0,0,1,1
Zheng Jie,25,2008,8/24/08,Tennis,0,0,1,1
Li Ting,24,2004,8/29/04,Tennis,1,0,0,1
Sun Tiantian,22,2004,8/29/04,Tennis,1,0,0,1
Chang Si,25,2012,8/12/12,Synchronized Swimming,0,1,0,1
Chen Xiaojun,20,2012,8/12/12,Synchronized Swimming,0,1,0,1
Jiang Tingting,25,2012,8/12/12,Synchronized Swimming,0,1,0,1
Jiang Wenwen,25,2012,8/12/12,Synchronized Swimming,0,1,0,1
Luo Xi,24,2012,8/12/12,Synchronized Swimming,0,1,0,1
Sun Wenyan,22,2012,8/12/12,Synchronized Swimming,0,1,0,1
Wu Yiwen,26,2012,8/12/12,Synchronized Swimming,0,1,0,1
Gu Beibei,27,2008,8/24/08,Synchronized Swimming,0,0,1,1
Huang Xuechen,18,2008,8/24/08,Synchronized Swimming,0,0,1,1
Jiang Tingting,21,2008,8/24/08,Synchronized Swimming,0,0,1,1
Jiang Wenwen,21,2008,8/24/08,Synchronized Swimming,0,0,1,1
Liu Ou,21,2008,8/24/08,Synchronized Swimming,0,0,1,1
Luo Xi,20,2008,8/24/08,Synchronized Swimming,0,0,1,1
Sun Qiuting,22,2008,8/24/08,Synchronized Swimming,0,0,1,1
Wang Na,24,2008,8/24/08,Synchronized Swimming,0,0,1,1
Zhang Xiaohuan,28,2008,8/24/08,Synchronized Swimming,0,0,1,1
Dai Jun,20,2012,8/12/12,Swimming,0,0,1,1
Hao Yun,17,2012,8/12/12,Swimming,0,0,1,1
Jiang Haiqi,20,2012,8/12/12,Swimming,0,0,1,1
Jiao Liuyang,22,2012,8/12/12,Swimming,1,0,0,1
Li Xuanxu,18,2012,8/12/12,Swimming,0,0,1,1
Li Yunqi,18,2012,8/12/12,Swimming,0,0,1,1
Lu Ying,23,2012,8/12/12,Swimming,0,1,0,1
Lu Zhiwu,23,2012,8/12/12,Swimming,0,0,1,1
Tang Yi,19,2012,8/12/12,Swimming,0,0,1,1
Jiao Liuyang,18,2008,8/24/08,Swimming,0,1,0,1
Liu Zige,19,2008,8/24/08,Swimming,1,0,0,1
Sun Ye,19,2008,8/24/08,Swimming,0,0,1,1
Tan Miao,21,2008,8/24/08,Swimming,0,1,0,1
Tang Jingzhi,21,2008,8/24/08,Swimming,0,1,0,1
Xu Tianlongzi,17,2008,8/24/08,Swimming,0,0,1,1
Yang Yu,23,2008,8/24/08,Swimming,0,1,0,1
Zhang Lin,21,2008,8/24/08,Swimming,0,1,0,1
Zhao Jing,17,2008,8/24/08,Swimming,0,0,1,1
Zhou Yafei,24,2008,8/24/08,Swimming,0,0,1,1
Zhu Qianwei,17,2008,8/24/08,Swimming,0,1,0,1
Li Ji,18,2004,8/29/04,Swimming,0,1,0,1
Luo Xuejuan,20,2004,8/29/04,Swimming,1,0,0,1
Pang Jiaying,19,2004,8/29/04,Swimming,0,1,0,1
Xu Yanwei,20,2004,8/29/04,Swimming,0,1,0,1
Yang Yu,19,2004,8/29/04,Swimming,0,1,0,1
Zhu Yingwen,22,2004,8/29/04,Swimming,0,1,0,1
Sun Linlin,21,2010,2/28/10,Short-Track Speed Skating,1,0,0,1
Zhang Hui,21,2010,2/28/10,Short-Track Speed Skating,1,0,0,1
Li Jiajun,30,2006,2/26/06,Short-Track Speed Skating,0,0,1,1
Yang Yang (A),29,2006,2/26/06,Short-Track Speed Skating,0,0,1,1
An Yulong,23,2002,2/24/02,Short-Track Speed Skating,0,0,1,1
Feng Kai,23,2002,2/24/02,Short-Track Speed Skating,0,0,1,1
Guo Wei,18,2002,2/24/02,Short-Track Speed Skating,0,0,1,1
Li Ye,18,2002,2/24/02,Short-Track Speed Skating,0,0,1,1
Sun Dandan,23,2002,2/24/02,Short-Track Speed Skating,0,1,0,1
Wang Beixing,24,2010,2/28/10,Speed Skating,0,0,1,1
Ren Hui,22,2006,2/26/06,Speed Skating,0,0,1,1
Wang Manli,32,2006,2/26/06,Speed Skating,0,1,0,1
Chen Ying,34,2012,8/12/12,Shooting,0,1,0,1
Ding Feng,25,2012,8/12/12,Shooting,0,0,1,1
Guo Wenjun,28,2012,8/12/12,Shooting,1,0,0,1
Wang Zhiwei,24,2012,8/12/12,Shooting,0,0,1,1
Wei Ning,29,2012,8/12/12,Shooting,0,1,0,1
Yi Siling,23,2012,8/12/12,Shooting,1,0,0,1
Yu Dan,24,2012,8/12/12,Shooting,0,0,1,1
Chen Ying,30,2008,8/24/08,Shooting,1,0,0,1
Du Li,26,2008,8/24/08,Shooting,1,0,0,1
Guo Wenjun,24,2008,8/24/08,Shooting,1,0,0,1
Hu Binyuan,30,2008,8/24/08,Shooting,0,0,1,1
Pang Wei,22,2008,8/24/08,Shooting,1,0,0,1
Qiu Jian,33,2008,8/24/08,Shooting,1,0,0,1
Tan Zongliang,36,2008,8/24/08,Shooting,0,1,0,1
Zhu Qinan,23,2008,8/24/08,Shooting,0,1,0,1
Du Li,22,2004,8/29/04,Shooting,1,0,0,1
Gao E,41,2004,8/29/04,Shooting,0,0,1,1
Jia Zhanbo,30,2004,8/29/04,Shooting,1,0,0,1
Li Jie,31,2004,8/29/04,Shooting,0,1,0,1
Wang Chengyi,21,2004,8/29/04,Shooting,0,0,1,1
Wang Yifu,43,2004,8/29/04,Shooting,1,0,0,1
Wang Zheng,25,2004,8/29/04,Shooting,0,0,1,1
Wei Ning,22,2004,8/29/04,Shooting,0,1,0,1
Zhu Qinan,19,2004,8/29/04,Shooting,1,0,0,1
Cai Yalin,23,2000,10/1/00,Shooting,1,0,0,1
Gao E,37,2000,10/1/00,Shooting,0,0,1,1
Gao Jing,24,2000,10/1/00,Shooting,0,0,1,1
Niu Zhiyuan,26,2000,10/1/00,Shooting,0,0,1,1
Wang Yifu,39,2000,10/1/00,Shooting,0,1,0,1
Yang Ling,28,2000,10/1/00,Shooting,1,0,0,1
Xu Lijia,24,2012,8/12/12,Sailing,1,0,0,1
Xu Lijia,20,2008,8/24/08,Sailing,0,0,1,1
Yin Jian,29,2008,8/24/08,Sailing,1,0,0,1
Yin Jian,25,2004,8/29/04,Sailing,0,1,0,1
Huang Wenyi,21,2012,8/12/12,Rowing,0,1,0,1
Xu Dongxiang,29,2012,8/12/12,Rowing,0,1,0,1
Gao Yulan,24,2008,8/24/08,Rowing,0,1,0,1
Jin Ziwei,22,2008,8/24/08,Rowing,1,0,0,1
Tang Bin,22,2008,8/24/08,Rowing,1,0,0,1
Wu You,24,2008,8/24/08,Rowing,0,1,0,1
Xi Aihua,26,2008,8/24/08,Rowing,1,0,0,1
Zhang Yangyang,19,2008,8/24/08,Rowing,1,0,0,1
Cai Tongtong,18,2008,8/24/08,Rhythmic Gymnastics,0,1,0,1
Chou Tao,20,2008,8/24/08,Rhythmic Gymnastics,0,1,0,1
Lu Yuanyang,25,2008,8/24/08,Rhythmic Gymnastics,0,1,0,1
Sui Jianshuang,19,2008,8/24/08,Rhythmic Gymnastics,0,1,0,1
Sun Dan,21,2008,8/24/08,Rhythmic Gymnastics,0,1,0,1
Zhang Shuo,24,2008,8/24/08,Rhythmic Gymnastics,0,1,0,1
Cao Zhongrong,30,2012,8/12/12,Modern Pentathlon,0,1,0,1
Tong Wen,29,2012,8/12/12,Judo,0,0,1,1
Xu Lili,24,2012,8/12/12,Judo,0,1,0,1
Tong Wen,25,2008,8/24/08,Judo,1,0,0,1
Xian Dongmei,32,2008,8/24/08,Judo,1,0,0,1
Xu Yan,26,2008,8/24/08,Judo,0,0,1,1
Yang Xiuli,24,2008,8/24/08,Judo,1,0,0,1
Gao Feng,22,2004,8/29/04,Judo,0,0,1,1
Liu Xia,25,2004,8/29/04,Judo,0,1,0,1
Qin Dongya,24,2004,8/29/04,Judo,0,0,1,1
Sun Fuming,30,2004,8/29/04,Judo,0,0,1,1
Xian Dongmei,28,2004,8/29/04,Judo,1,0,0,1
Li Shufang,21,2000,10/1/00,Judo,0,1,0,1
Liu Yuxiang,24,2000,10/1/00,Judo,0,0,1,1
Tang Lin,24,2000,10/1/00,Judo,1,0,0,1
Yuan Hua,26,2000,10/1/00,Judo,1,0,0,1
Chen Qiuqi,28,2008,8/24/08,Hockey,0,1,0,1
Chen Zhaoxia,33,2008,8/24/08,Hockey,0,1,0,1
Cheng Hui,35,2008,8/24/08,Hockey,0,1,0,1
Fu Baorong,30,2008,8/24/08,Hockey,0,1,0,1
Gao Lihua,28,2008,8/24/08,Hockey,0,1,0,1
Huang Junxia,32,2008,8/24/08,Hockey,0,1,0,1
Li Hongxia,21,2008,8/24/08,Hockey,0,1,0,1
Li Shuang,30,2008,8/24/08,Hockey,0,1,0,1
Ma Yibo,28,2008,8/24/08,Hockey,0,1,0,1
Pan Fengzhen,23,2008,8/24/08,Hockey,0,1,0,1
Ren Ye,22,2008,8/24/08,Hockey,0,1,0,1
Song Qingling,22,2008,8/24/08,Hockey,0,1,0,1
Tang Chunling,32,2008,8/24/08,Hockey,0,1,0,1
Zhang Yimeng,24,2008,8/24/08,Hockey,0,1,0,1
Zhao Yudiao,19,2008,8/24/08,Hockey,0,1,0,1
Zhou Wanfeng,28,2008,8/24/08,Hockey,0,1,0,1
Deng Linlin,20,2012,8/12/12,Gymnastics,1,0,0,1
Guo Weiyang,24,2012,8/12/12,Gymnastics,1,0,0,1
He Kexin,20,2012,8/12/12,Gymnastics,0,1,0,1
Sui Lu,20,2012,8/12/12,Gymnastics,0,1,0,1
Zhang Chenglong,23,2012,8/12/12,Gymnastics,1,0,0,1
Deng Linlin,16,2008,8/24/08,Gymnastics,1,0,0,1
Huang Xu,29,2008,8/24/08,Gymnastics,1,0,0,1
Jiang Yuyuan,16,2008,8/24/08,Gymnastics,1,0,0,1
Li Shanshan,16,2008,8/24/08,Gymnastics,1,0,0,1
Li Xiaopeng,23,2004,8/29/04,Gymnastics,0,0,1,1
Teng Haibin,19,2004,8/29/04,Gymnastics,1,0,0,1
Zhang Nan,18,2004,8/29/04,Gymnastics,0,0,1,1
Huang Xu,21,2000,10/1/00,Gymnastics,1,0,0,1
Ling Jie,17,2000,10/1/00,Gymnastics,0,1,0,1
Xiao Junfeng,21,2000,10/1/00,Gymnastics,1,0,0,1
Xing Aowei,18,2000,10/1/00,Gymnastics,1,0,0,1
Yang Yun,15,2000,10/1/00,Gymnastics,0,0,1,1
Zheng Lihui,22,2000,10/1/00,Gymnastics,1,0,0,1
Pang Qing,30,2010,2/28/10,Figure Skating,0,1,0,1
Shen Xue,31,2010,2/28/10,Figure Skating,1,0,0,1
Tong Jian,30,2010,2/28/10,Figure Skating,0,1,0,1
Zhao Hongbo,36,2010,2/28/10,Figure Skating,1,0,0,1
Shen Xue,27,2006,2/26/06,Figure Skating,0,0,1,1
Zhang Dan,20,2006,2/26/06,Figure Skating,0,1,0,1
Zhang Hao,21,2006,2/26/06,Figure Skating,0,1,0,1
Zhao Hongbo,32,2006,2/26/06,Figure Skating,0,0,1,1
Shen Xue,23,2002,2/24/02,Figure Skating,0,0,1,1
Zhao Hongbo,28,2002,2/24/02,Figure Skating,0,0,1,1
Guo Xinxin,26,2010,2/28/10,Freestyle Skiing,0,0,1,1
Li Nina,27,2010,2/28/10,Freestyle Skiing,0,1,0,1
Liu Zhongqing,24,2010,2/28/10,Freestyle Skiing,0,0,1,1
Han Xiaopeng,22,2006,2/26/06,Freestyle Skiing,1,0,0,1
Li Nina,23,2006,2/26/06,Freestyle Skiing,0,1,0,1
Lei Sheng,28,2012,8/12/12,Fencing,1,0,0,1
Li Na,31,2012,8/12/12,Fencing,1,0,0,1
Luo Xiaojuan,28,2012,8/12/12,Fencing,1,0,0,1
Xu Anqi,20,2012,8/12/12,Fencing,1,0,0,1
Bao Yingying,24,2008,8/24/08,Fencing,0,1,0,1
Huang Haiyang,22,2008,8/24/08,Fencing,0,1,0,1
Ni Hong,22,2008,8/24/08,Fencing,0,1,0,1
Tan Xue,24,2008,8/24/08,Fencing,0,1,0,1
Zhong Man,25,2008,8/24/08,Fencing,1,0,0,1
Dong Zhaozhi,30,2004,8/29/04,Fencing,0,1,0,1
Tan Xue,20,2004,8/29/04,Fencing,0,1,0,1
Wang Haibin,30,2004,8/29/04,Fencing,0,1,0,1
Wang Lei,23,2004,8/29/04,Fencing,0,1,0,1
Wu Hanxiong,23,2004,8/29/04,Fencing,0,1,0,1
Ye Chong,34,2004,8/29/04,Fencing,0,1,0,1
Dong Zhaozhi,26,2000,10/1/00,Fencing,0,1,0,1
Li Na,19,2000,10/1/00,Fencing,0,0,1,1
Liang Qin,28,2000,10/1/00,Fencing,0,0,1,1
Wang Haibin,26,2000,10/1/00,Fencing,0,1,0,1
Yang Shaoqi,24,2000,10/1/00,Fencing,0,0,1,1
Ye Chong,30,2000,10/1/00,Fencing,0,1,0,1
Cao Yuan,17,2012,8/12/12,Diving,1,0,0,1
He Chong,25,2012,8/12/12,Diving,0,0,1,1
Luo Yutong,26,2012,8/12/12,Diving,1,0,0,1
Qiu Bo,19,2012,8/12/12,Diving,0,1,0,1
Wang Hao,19,2012,8/12/12,Diving,1,0,0,1
Zhang Yanquan,18,2012,8/12/12,Diving,1,0,0,1
He Chong,21,2008,8/24/08,Diving,1,0,0,1
Huo Liang,18,2008,8/24/08,Diving,1,0,0,1
Lin Yue,17,2008,8/24/08,Diving,1,0,0,1
Wang Feng,29,2008,8/24/08,Diving,1,0,0,1
Zhou Luxin,20,2008,8/24/08,Diving,0,1,0,1
Hu Jia,21,2004,8/29/04,Diving,1,0,0,1
Li Ting,17,2004,8/29/04,Diving,1,0,0,1
Peng Bo,23,2004,8/29/04,Diving,1,0,0,1
Yang Jinghui,21,2004,8/29/04,Diving,1,0,0,1
Sang Xue,16,2000,10/1/00,Diving,1,0,0,1
Xiao Hailiang,23,2000,10/1/00,Diving,1,0,0,1
Gong Jinjie,25,2012,8/12/12,Cycling,0,1,0,1
Guo Shuang,22,2008,8/24/08,Cycling,0,0,1,1
Jiang Yonghua,30,2004,8/29/04,Cycling,0,1,0,1
Jiang Cuihua,25,2000,10/1/00,Cycling,0,0,1,1
Liu Yin,28,2010,2/28/10,Curling,0,0,1,1
Wang Bingyu,25,2010,2/28/10,Curling,0,0,1,1
Yue Qingshuang,24,2010,2/28/10,Curling,0,0,1,1
Zhou Yan,27,2010,2/28/10,Curling,0,0,1,1
Meng Guanliang,31,2008,8/24/08,Canoeing,1,0,0,1
Yang Wenjun,24,2008,8/24/08,Canoeing,1,0,0,1
Meng Guanliang,27,2004,8/29/04,Canoeing,1,0,0,1
Yang Wenjun,20,2004,8/29/04,Canoeing,1,0,0,1
Li Jinzi,22,2012,8/12/12,Boxing,0,0,1,1
Ren Cancan,24,2012,8/12/12,Boxing,0,1,0,1
Zou Shiming,31,2012,8/12/12,Boxing,1,0,0,1
Hanati Silamu,23,2008,8/24/08,Boxing,0,0,1,1
Zhang Xiaoping,26,2008,8/24/08,Boxing,1,0,0,1
Zhang Zhilei,25,2008,8/24/08,Boxing,0,1,0,1
Zou Shiming,27,2008,8/24/08,Boxing,1,0,0,1
Zou Shiming,23,2004,8/29/04,Boxing,0,0,1,1
Tian Jia,27,2008,8/24/08,Beach Volleyball,0,1,0,1
Wang Jie,24,2008,8/24/08,Beach Volleyball,0,1,0,1
Xue Chen,19,2008,8/24/08,Beach Volleyball,0,0,1,1
Zhang Xi,23,2008,8/24/08,Beach Volleyball,0,0,1,1
Cai Yun,32,2012,8/12/12,Badminton,1,0,0,1
Chen Long,23,2012,8/12/12,Badminton,0,0,1,1
Fu Haifeng,28,2012,8/12/12,Badminton,1,0,0,1
Li Xuerui,21,2012,8/12/12,Badminton,1,0,0,1
Lin Dan,28,2012,8/12/12,Badminton,1,0,0,1
Ma Jin,24,2012,8/12/12,Badminton,0,1,0,1
Tian Qing,25,2012,8/12/12,Badminton,1,0,0,1
Wang Yihan,24,2012,8/12/12,Badminton,0,1,0,1
Xu Chen,27,2012,8/12/12,Badminton,0,1,0,1
Zhang Nan,22,2012,8/12/12,Badminton,1,0,0,1
Cai Yun,28,2008,8/24/08,Badminton,0,1,0,1
Chen Jin,22,2008,8/24/08,Badminton,0,0,1,1
Du Jing,24,2008,8/24/08,Badminton,1,0,0,1
Fu Haifeng,24,2008,8/24/08,Badminton,0,1,0,1
He Hanbin,22,2008,8/24/08,Badminton,0,0,1,1
Lin Dan,24,2008,8/24/08,Badminton,1,0,0,1
Wei Yili,26,2008,8/24/08,Badminton,0,0,1,1
Xie Xingfan,27,2008,8/24/08,Badminton,0,1,0,1
Zhang Ning,33,2008,8/24/08,Badminton,1,0,0,1
Zhang Yawen,23,2008,8/24/08,Badminton,0,0,1,1
Huang Sui,22,2004,8/29/04,Badminton,0,1,0,1
Yang Wei,25,2004,8/29/04,Badminton,1,0,0,1
Zhang Jiewen,23,2004,8/29/04,Badminton,1,0,0,1
Zhang Jun,26,2004,8/29/04,Badminton,1,0,0,1
Zhang Ning,29,2004,8/29/04,Badminton,1,0,0,1
Zhou Mi,25,2004,8/29/04,Badminton,0,0,1,1
Ge Fei,26,2000,10/1/00,Badminton,1,0,0,1
Gong Zhichao,23,2000,10/1/00,Badminton,1,0,0,1
Gu Jun,25,2000,10/1/00,Badminton,1,0,0,1
Huang Nanyan,23,2000,10/1/00,Badminton,0,1,0,1
Ji Xinpeng,22,2000,10/1/00,Badminton,1,0,0,1
Qin Yiyuan,27,2000,10/1/00,Badminton,0,0,1,1
Xia Xuanze,21,2000,10/1/00,Badminton,0,0,1,1
Yang Wei,21,2000,10/1/00,Badminton,0,1,0,1
Ye Zhaoying,26,2000,10/1/00,Badminton,0,0,1,1
Zhang Jun,22,2000,10/1/00,Badminton,1,0,0,1
Chen Ding,19,2012,8/12/12,Athletics,1,0,0,1
Gong Lijiao,23,2012,8/12/12,Athletics,0,0,1,1
Li Yanfeng,33,2012,8/12/12,Athletics,0,0,1,1
Qieyang Shenjie,21,2012,8/12/12,Athletics,0,0,1,1
Si Tianfeng,28,2012,8/12/12,Athletics,0,0,1,1
Wang Zhen,20,2012,8/12/12,Athletics,0,0,1,1
Zhang Wenxiu,32,2008,8/24/08,Athletics,0,0,1,1
Zhou Chunxiu,29,2008,8/24/08,Athletics,0,0,1,1
Liu Xiang,21,2004,8/29/04,Athletics,1,0,0,1
Xing Huina,20,2004,8/29/04,Athletics,1,0,0,1
Wang Liping,24,2000,10/1/00,Athletics,1,0,0,1
Cheng Ming,26,2012,8/12/12,Archery,0,1,0,1
Dai Xiaoxiang,21,2012,8/12/12,Archery,0,0,1,1
Fang Yuting,22,2012,8/12/12,Archery,0,1,0,1
Xu Jing,21,2012,8/12/12,Archery,0,1,0,1
Chen Ling,21,2008,8/24/08,Archery,0,1,0,1
Guo Dan,22,2008,8/24/08,Archery,0,1,0,1
Jiang Lin,26,2008,8/24/08,Archery,0,0,1,1
Li Wenquan,22,2008,8/24/08,Archery,0,0,1,1
Xue Haifeng,28,2008,8/24/08,Archery,0,0,1,1
He Ying,27,2004,8/29/04,Archery,0,1,0,1
Lin Sang,26,2004,8/29/04,Archery,0,1,0,1
Zhang Juanjuan,23,2004,8/29/04,Archery,0,1,0,1
